<?xml version="1.0" encoding="UTF-8"?>
<Configuration>
    <Appenders>
        <File name="A1" fileName="A1.log" append="false">
            <PatternLayout pattern="%t %-5p %c{2} - %m%n"/>
        </File>
        <Console name="STDOUT" target="SYSTEM_OUT">
            <PatternLayout charset="UTF-8" pattern="%d %-5p [%t] %C{2} (%F:%L) - %m%n"/>
        </Console>
    </Appenders>
    <Loggers>
        <Logger name="org.apache.log4j.xml" level="debug">
            <AppenderRef ref="A1"/>
        </Logger>
        <Root level="debug">
            <AppenderRef ref="STDOUT"/>
        </Root>
    </Loggers>
</Configuration>