<?xml version="1.0" encoding="UTF-8" ?>
<!DOCTYPE mapper PUBLIC "-//mybatis.org//DTD Mapper 3.0//EN" "http://mybatis.org/dtd/mybatis-3-mapper.dtd">

<!-- namespace命名空间，作用就是对sql进行分类化管理，理解sql隔离 
注意：使用mapper代理方法开发，namespace有特殊重要的作用
-->
<mapper namespace="com.gem.bbs.mapper.QuestionMapper">
    <sql id="query_question_clause">
        <if test="title != null and title != ''">
            and title like concat('%',#{title},'%')
        </if>
    </sql>

    <!-- 保存问题 save -->
    <insert id="insertQuestion" parameterType="Question">
        insert into question (title,description,coin,user_id,createtime)
          values (#{title},#{description},#{coin},#{userId},#{createtime})
    </insert>

    <!--查询集合 search -->
    <select id="selectAll" resultType="Question">
        select * from question
        <where>
            <include refid="query_question_clause"></include>
        </where>
        limit #{beginPage},#{pageCount}
    </select>

    <!-- 查询记录总数 -->
    <select id="getTotal" parameterType="string" resultType="java.lang.Integer">
        select count(1) from question
        <where>
            <include refid="query_question_clause"></include>
        </where>
    </select>

    <!-- 根据主键查询 -->
    <select id="selectOneByPrimaryKey" parameterType="java.lang.Integer" resultType="Question">
        select * from question where id = #{value}
    </select>
</mapper>


